zona;marca;descripcion;calibre;fleje;precio;descuento
Nunez;Blue Moon;Blue Moon Belgian White Lata 473 ml;473 ml;5299;2914.45;45
Nunez;Kunstmann;Kunstmann Torobayo Lata 470ml;470 ml;5179;5179;0
Nunez;Heineken;Heineken Cerveza 0.0 Lata 330ml;330 ml;3599;3599;0
Nunez;Blonde;Santa Fe Cerveza Rubia;473 ml;3019;3019;0
Nunez;Estrella Galicia;Estrella Galicia Cerveza sin Gluten Lata 330ml;330 ml;3619;3619;0
Nunez;Imperial;Imperial Golden Lata 710ml;710 ml;5109;5109;0
Nunez;Kunstmann;Cerveza Kunstmann Session Ipa 470ml;470 ml;5019;5019;0
Nunez;Warsteiner;Warsteiner Cerveza 330 ml;330 ml;3509;3509;0
Nunez;Antares;Ipa Cerveza Antares Especiales Sin Alcohol;473 ml;6779;4745.3;30
Nunez;Stella Artois;Stella Artois Cerveza 710 ml;710 ml;6000;3900;35
Nunez;Heineken;Heineken Cerveza Rubia;473 ml;4609;4609;0
Nunez;Corona;Corona Cerveza Rubia;710 ml;7810;5857.5;25
Nunez;Corona;Corona Cerveza Tipo Lager 330 ml;330 ml;4989;3741.75;25
Nunez;Corona 0;Corona Cerveza Cero;330 ml;3809;2094.95;45
Nunez;Heineken;Heineken Cerveza Rubia en Lata;710 ml;6899;5864.15;15
Nunez;Andes Origen;Cerveza Andes Origen Ipa 473 cc;473 ml;3789;2841.75;25
Nunez;Schneider;Schneider Cerveza Lager;710 ml;4399;3739.15;15
Nunez;Heineken;Heineken Cerveza Original;330 ml;4889;4889;0
Nunez;Andes Origen;Cerveza Andes Origen Rubia 473 cc;473 ml;3669;2751.75;25
Nunez;Michelob Ultra;Michelob Cerveza Light Ultra;473 ml;3199;1919.4;40
Nunez;Stella Artois;Stella Artois Cerveza;330 ml;4519;3389.25;25
Nunez;1890;1890 Cerveza Rubia;473 ml;2439;2439;0
Nunez;Stella Artois 0;Cerveza Stella Artois 0% 473 cc;473 ml;3729;2050.95;45
Nunez;Stella Artois;Stella Artois Cerveza Rubia;473 ml;4529;3396.75;25
Nunez;Amstel;Amstel Cerveza Lager Pura Malta;473 ml;3129;3129;0
Nunez;Andes Origen;Cerveza Andes Origen Roja 473 cc;473 ml;3659;2744.25;25
Nunez;Patagonia;Cerveza Patagonia Amber Lager 730 cc;730 ml;7799;5849.25;25
Nunez;Patagonia;Cerveza Patagonia Amber Lager 473 cc;473 ml;5729;4296.75;25
Nunez;Patagonia;Cerveza Patagonia Ipa 730 cc;730 ml;7729;2318.7;70
Nunez;Rabieta;Rabieta Cerveza Red Honey;473 ml;4189;3770.1;10
Nunez;Imperial;Imperial Cerveza Roja Amber Lager Lata;473 ml;3729;2610.3;30
Nunez;Antares;Antares Cerveza Artesanal Honey;473 ml;4569;3198.3;30
Nunez;Rabieta;Rabieta Cerveza Irish Red Ale;473 ml;4169;3752.1;10
Nunez;Pampa;Pampa Brewing Amber Ale Lata 473ml;473 ml;3209;2888.1;10
Nunez;Salta;Salta Cerveza Cautiva Roja;473 ml;3519;3519;0
Nunez;Imperial;Imperial Cerveza Sin Alcohol Roja;355 ml;1399;1399;0
Nunez;Andes Origen;Andes Origen Cerveza Negra en Lata;473 ml;3659;2744.25;25
Nunez;Guinnes;Guinness Cerveza Extra Stout;473 ml;4699;4229.1;10
Nunez;Quilmes;Cerveza Quilmes Stout 473 cc;473 ml;2849;2136.75;25
Nunez;Andes Origen;Cerveza Andes Origen Oro 473 cc;473 ml;3499;2624.25;25
Nunez;Imperial;Imperial Cerveza Negra Cream Stout en Lata;473 ml;3799;3799;0
Nunez;Stella Artois;Cerveza Stella Artois Noire 473 cc;473 ml;4409;3306.75;25
Nunez;Estrella Galicia;Estrella Galicia Cerveza 0.0 Tostada Lata 330ml;330 ml;4059;4059;0
Nunez;Heineken;Heineken Cerveza Sin Alcohol;473 ml;3799;3039.2;20
Nunez;Quilmes 0;Cerveza Quilmes 0% 473 cc;473 ml;2359;1297.45;45
Nunez;Imperial;Imperial Cerveza Sin Alcohol Golden;473 ml;2399;1559.35;35
Nunez;Corona;Corona Cerveza 0.0;473 ml;3609;2526.3;30
Nunez;Heineken Cero;Heineken Cerveza sin Alcohol;355 ml;2369;2369;0
